<?xml version="1.0" encoding="UTF-8"?>
<project-private xmlns="http://www.netbeans.org/ns/project-private/1">
    <editor-bookmarks xmlns="http://www.netbeans.org/ns/editor-bookmarks/2" lastBookmarkId="0"/>
    <open-files xmlns="http://www.netbeans.org/ns/projectui-open-files/2">
        <group>
            <file>file:/C:/Users/sergi/Documents/orientada%20a%20objetos/Proyecto%20poo/Bin/SQL/SQL/src/App/connect.java</file>
            <file>file:/C:/Users/sergi/Documents/orientada%20a%20objetos/Proyecto%20poo/Bin/SQL/SQL/src/sql/SQL.java</file>
            <file>file:/C:/Users/sergi/Documents/orientada%20a%20objetos/Proyecto%20poo/Bin/SQL/SQL/src/App/Conection.java</file>
        </group>
    </open-files>
</project-private>
